id, id_categoria_ref, nombre, activa, url_imagen, fecha_creacion, fecha_modificacion, es_mano_de_obra
118,34,FILTROS DE AIRE DE MOTOR,true,,2024-08-28 18:28:19.989863,2024-09-30 13:56:16.755059,false
119,34,FILTROS DE ACEITE DE MOTOR ,true,,2024-08-28 18:28:41.375889,2024-09-30 13:56:26.907053,false
107,,CARROCERIA ,true,,2023-12-14 18:38:48.200427,,false
108,,LLANTAS,true,cat_1704734631030.jpeg,2024-01-08 11:23:51.891196,,false
109,,SISTEMA HIDRAULICO ,true,,2024-04-30 09:53:25.786478,,false
110,,SISTEMA HIFRAULICO ,true,,2024-06-22 11:35:35.714070,,true
27,,ALINEAMIENTO & BALANCEO,true,,2023-07-18 23:41:44.012863,,false
111,,DEPOSITOS O RECIPIENTES,true,,2024-06-24 17:10:00.292818,,false
112,,SOPORTES DE MOTOR,true,,2024-07-17 13:37:15.875139,,false
33,,ENFRIAMIENTO MOTOR,true,,2023-07-18 23:41:44.012863,,false
113,,SOPORTE DE AMORTIGUADOR,true,,2024-07-17 16:36:58.066278,,false
35,,FRENOS PARTES,true,,2023-07-18 23:41:44.012863,,false
114,,HERRAMIENTAS ,true,,2024-07-19 12:46:16.989185,,false
36,,FUSIBLES,true,,2023-07-18 23:41:44.012863,,false
37,,GRASA Y SILICON,true,,2023-07-18 23:41:44.012863,,false
38,,LIMPIA PARABRISAS,true,,2023-07-18 23:41:44.012863,,false
39,,MANGUERAS,true,,2023-07-18 23:41:44.012863,,false
115,,INYECTORES,true,,2024-07-24 16:37:39.652151,,false
41,,MISCELANEOS,true,,2023-07-18 23:41:44.012863,,false
116,,ESCAPE ,true,cat_1724092198958.png,2024-08-19 12:30:04.300517,,false
42,,MOTOR PARTES,true,,2023-07-18 23:41:44.012863,,false
43,,PARTES ELECTRICAS,true,,2023-07-18 23:41:44.012863,,false
44,,POLVERAS,true,,2023-07-18 23:41:44.012863,,false
45,,SELLOS / BALINERAS,true,,2023-07-18 23:41:44.012863,,false
46,,SENSORES,true,,2023-07-18 23:41:44.012863,,false
47,,SUSPENSION PARTES,true,,2023-07-18 23:41:44.012863,,false
48,,TORNILLOS Y TUERCAS,true,,2023-07-18 23:41:44.012863,,false
49,,TRANSMISION AUTOMATICA,true,,2023-07-18 23:41:44.012863,,false
50,,TRANSMISION MECANICA,true,,2023-07-18 23:41:44.012863,,false
51,,TREN DE MANEJO,true,,2023-07-18 23:41:44.012863,,false
25,,ABRAZADERAS,true,cat_1689970787736.jpeg,2023-07-18 23:41:44.012863,2023-07-21 14:19:49.887780,false
28,,BANDAS y TENSORES,true,cat_1689970933496.jpeg,2023-07-18 23:41:44.012863,2023-07-21 14:22:18.049741,false
121,55,SISTEMA HIDRAULICO,true,cat_1724953465859.webp,2024-08-29 11:44:29.079296,,true
32,,DIRECCION,true,,2023-07-18 23:41:44.012863,2024-09-12 13:14:33.125316,false
122,32,MEDIAS LUNAS,true,,2024-09-12 13:14:49.916271,2024-09-12 13:16:17.088598,false
123,32,BARRAS ESTABILIZADORAS,true,,2024-09-12 13:16:41.579740,,false
29,,BATERIAS & ACCESORIOS,true,cat_1689970990451.jpeg,2023-07-18 23:41:44.012863,2023-07-21 14:23:12.253723,false
30,,BUJIAS Y CONECTORES,true,cat_1689971056490.jpeg,2023-07-18 23:41:44.012863,2023-07-21 14:24:18.612891,false
31,,CANDELAS,true,cat_1689971065347.jpeg,2023-07-18 23:41:44.012863,2023-07-21 14:24:27.012880,false
34,,FILTROS,true,cat_1689985982038.jpeg,2023-07-18 23:41:44.012863,2023-07-21 18:33:04.359274,false
52,26,ACEITE DE MOTOR,true,,2023-07-21 19:16:48.865960,,false
53,26,ACEITE DE TRANSMISION,true,,2023-07-21 19:17:28.715551,,false
26,,ACEITES Y FLUIDOS,true,cat_1689970890090.jpeg,2023-07-18 23:41:44.012863,2023-08-08 08:38:54.862415,false
54,,ACEITE DE DIFERENCIAL,true,cat_1691509304624.jpeg,2023-08-08 09:41:51.349738,,false
124,32,BUJES DE TIJERA,true,,2024-09-12 13:16:59.329879,,false
56,,ATF,true,cat_1694447182127.jpeg,2023-09-11 09:46:30.967642,,false
125,32,ESFERICAS,true,,2024-09-12 13:17:41.172040,,false
57,,ACTIVO FIJO,true,cat_1696457454268.jpeg,2023-10-04 16:05:19.155997,2023-10-04 16:10:57.418108,false
126,32,PUNTAS DE CREMALLERA,true,,2024-09-12 13:18:08.287168,,false
59,58,MOBILIARIO DE OFICINA,true,,2023-10-04 16:13:42.176305,,false
58,57,INVENTARIO DE EQUIPO DE OFICINA,true,,2023-10-04 16:12:18.543662,2023-10-04 16:14:43.818754,false
60,,A/C,true,cat_1696891852406.jpeg,2023-10-09 16:50:57.174299,,false
62,,COMBUSTIBLE,true,cat_1700698913684.png,2023-11-22 18:21:57.241608,,false
127,32,POLVERAS,true,,2024-09-12 13:20:05.034030,,false
40,,ADITIVOS,true,,2023-07-18 23:41:44.012863,2024-09-12 13:23:22.531954,false
128,47,SOPORTES DE MOTOR,true,,2024-09-12 13:24:12.373881,,false
129,47,SOPORTES DE AMORTIGUADOR,true,,2024-09-12 13:24:26.998843,,false
130,47,AMORTIGUADORES,true,,2024-09-12 13:24:57.332331,,false
131,,FILTRO DE TRANSMISION,true,cat_1727289552909.jpeg,2024-09-25 12:39:17.084793,,false
120,34,FILTROS DE COMBUSTIBLE,true,,2024-08-28 18:28:57.947388,2024-09-30 13:56:41.843974,false
133,34,FILTROS DE ELEMENTO,true,cat_1727387938724.jpeg,2024-09-26 15:59:02.434623,2024-09-30 13:56:58.780978,false
132,34,FILTROS DE TRANSMISION,true,cat_1727289625326.jpeg,2024-09-25 12:40:33.444663,2024-09-30 13:57:15.341613,false
117,34,FILTROS DE CABINA,true,,2024-08-28 18:27:58.308475,2024-09-30 13:57:30.090569,false
134,26,LIQUIDO REDUCTOR DE EMISIONES,true,,2024-10-08 17:05:32.052392,,false
136,32,TIJERAS ,true,,2024-10-23 11:48:13.303339,,false
137,47,MUÑON,true,,2024-11-06 13:04:39.364313,,false
61,,ACCESORIOS,true,cat_1697673987010.jpeg,2023-10-18 18:06:33.392839,2024-11-18 11:28:41.098558,false
135,60,COMPRESOR DE A/C ,true,,2024-10-23 11:26:19.535585,2025-03-25 15:56:08.573785,false
138,,SISTEMA DE TRANSMISION AUTOMATICA ,true,,2025-04-09 17:05:05.819417,,true
86,55,ACCESORIOS,false,,2023-11-23 12:03:39.427495,2025-04-28 15:13:47.641555,true
55,,MANO DE OBRA v2,true,,2023-11-23 11:30:42.212162,,true
-55,,MANO DE OBRA,false,cat_1693024642143.png,2023-08-25 22:37:34.430472,2023-11-23 12:06:41.482517,false
87,55,CARROCERIA,true,,2023-11-23 12:03:39.427495,,true
88,55,DIAGNOSTICOS,true,,2023-11-23 12:03:39.427495,,true
89,55,FLUIDOS Y FILTROS,true,,2023-11-23 12:03:39.427495,,true
90,55,MOTOR DIESEL,true,,2023-11-23 12:03:39.427495,,true
91,55,MOTOR GASOLINA,true,,2023-11-23 12:03:39.427495,,true
92,55,OPERACIONES GENERICAS,true,,2023-11-23 12:03:39.427495,,true
93,55,SISTEMA ELECTRICO,true,,2023-11-23 12:03:39.427495,,true
94,55,SISTEMA INYECCION DIESEL,true,,2023-11-23 12:03:39.427495,,true
95,55,SISTEMA INYECCION GASOLINA,true,,2023-11-23 12:03:39.427495,,true
96,55,SISTEMA DE ADMISION,true,,2023-11-23 12:03:39.427495,,true
97,55,SISTEMA DE CLIMATIZACION,true,,2023-11-23 12:03:39.427495,,true
98,55,SISTEMA DE DIRECCION,true,,2023-11-23 12:03:39.427495,,true
99,55,SISTEMA DE ESCAPE,true,,2023-11-23 12:03:39.427495,,true
100,55,SISTEMA DE FRENOS,true,,2023-11-23 12:03:39.427495,,true
101,55,SISTEMA DE LUCES,true,,2023-11-23 12:03:39.427495,,true
102,55,SISTEMA DE SUSPENCION,true,,2023-11-23 12:03:39.427495,,true
103,55,SISTEMA DE ENFIAMIENTO DE MOTOR,true,,2023-11-23 12:03:39.427495,,true
104,55,TRANSMISION AUTOMATICA,true,,2023-11-23 12:03:39.427495,,true
105,55,TRANSMISION MECANICA,true,,2023-11-23 12:03:39.427495,,true
106,55,TREN DE MANEJO,true,,2023-11-23 12:03:39.427495,,true
